Timestamp,Hashtag,Likes,Shares,Comments,Text
2023-01-01,#TechNews,195,55,23,This post is about #TechNews and the latest trends in technology.
2023-01-02,#TechNews,204,58,24,This post is about #TechNews and the latest trends in technology.
2023-01-03,#Python,192,49,32,This post is about #Python and the latest trends in technology.
2023-01-04,#BigData,191,49,25,This post is about #BigData and the latest trends in technology.
2023-01-05,#Python,204,52,27,This post is about #Python and the latest trends in technology.
2023-01-06,#Python,208,40,26,This post is about #Python and the latest trends in technology.
2023-01-07,#Python,192,51,21,This post is about #Python and the latest trends in technology.
2023-01-08,#DataScience,166,48,36,This post is about #DataScience and the latest trends in technology.
2023-01-09,#CloudComputing,191,41,35,This post is about #CloudComputing and the latest trends in technology.
2023-01-10,#ML,209,56,28,This post is about #ML and the latest trends in technology.
2023-01-11,#ML,218,46,27,This post is about #ML and the latest trends in technology.
2023-01-12,#Python,210,60,22,This post is about #Python and the latest trends in technology.
2023-01-13,#ML,211,56,30,This post is about #ML and the latest trends in technology.
2023-01-14,#CloudComputing,192,61,28,This post is about #CloudComputing and the latest trends in technology.
2023-01-15,#ML,188,45,40,This post is about #ML and the latest trends in technology.
2023-01-16,#DataScience,205,57,38,This post is about #DataScience and the latest trends in technology.
2023-01-17,#CloudComputing,192,44,29,This post is about #CloudComputing and the latest trends in technology.
2023-01-18,#CloudComputing,181,65,30,This post is about #CloudComputing and the latest trends in technology.
2023-01-19,#BigData,194,69,30,This post is about #BigData and the latest trends in technology.
2023-01-20,#AI,191,52,18,This post is about #AI and the latest trends in technology.
2023-01-21,#ML,223,41,33,This post is about #ML and the latest trends in technology.
2023-01-22,#AI,188,47,32,This post is about #AI and the latest trends in technology.
2023-01-23,#CloudComputing,177,46,33,This post is about #CloudComputing and the latest trends in technology.
2023-01-24,#Python,200,53,33,This post is about #Python and the latest trends in technology.
2023-01-25,#BigData,228,47,26,This post is about #BigData and the latest trends in technology.
2023-01-26,#BigData,215,51,38,This post is about #BigData and the latest trends in technology.
2023-01-27,#Python,193,60,32,This post is about #Python and the latest trends in technology.
2023-01-28,#DataScience,184,52,22,This post is about #DataScience and the latest trends in technology.
2023-01-29,#CloudComputing,202,53,34,This post is about #CloudComputing and the latest trends in technology.
2023-01-30,#Python,193,53,33,This post is about #Python and the latest trends in technology.
2023-01-31,#AI,178,45,38,This post is about #AI and the latest trends in technology.
2023-02-01,#CloudComputing,213,52,24,This post is about #CloudComputing and the latest trends in technology.
2023-02-02,#DataScience,191,53,39,This post is about #DataScience and the latest trends in technology.
2023-02-03,#ML,197,45,37,This post is about #ML and the latest trends in technology.
2023-02-04,#Python,184,64,31,This post is about #Python and the latest trends in technology.
2023-02-05,#AI,182,60,33,This post is about #AI and the latest trends in technology.
2023-02-06,#AI,194,57,30,This post is about #AI and the latest trends in technology.
2023-02-07,#BigData,213,54,38,This post is about #BigData and the latest trends in technology.
2023-02-08,#CloudComputing,195,52,29,This post is about #CloudComputing and the latest trends in technology.
2023-02-09,#ML,191,29,36,This post is about #ML and the latest trends in technology.
2023-02-10,#TechNews,181,56,32,This post is about #TechNews and the latest trends in technology.
2023-02-11,#AI,169,51,30,This post is about #AI and the latest trends in technology.
2023-02-12,#TechNews,213,49,36,This post is about #TechNews and the latest trends in technology.
2023-02-13,#BigData,196,42,31,This post is about #BigData and the latest trends in technology.
2023-02-14,#DataScience,207,51,29,This post is about #DataScience and the latest trends in technology.
2023-02-15,#BigData,194,33,37,This post is about #BigData and the latest trends in technology.
2023-02-16,#ML,199,50,24,This post is about #ML and the latest trends in technology.
2023-02-17,#TechNews,196,53,28,This post is about #TechNews and the latest trends in technology.
2023-02-18,#Python,200,53,20,This post is about #Python and the latest trends in technology.
2023-02-19,#CloudComputing,229,48,29,This post is about #CloudComputing and the latest trends in technology.
2023-02-20,#CloudComputing,229,43,22,This post is about #CloudComputing and the latest trends in technology.
2023-02-21,#AI,178,37,36,This post is about #AI and the latest trends in technology.
2023-02-22,#Python,214,40,32,This post is about #Python and the latest trends in technology.
2023-02-23,#BigData,210,45,34,This post is about #BigData and the latest trends in technology.
2023-02-24,#TechNews,195,47,37,This post is about #TechNews and the latest trends in technology.
2023-02-25,#Python,211,50,27,This post is about #Python and the latest trends in technology.
2023-02-26,#Python,195,61,27,This post is about #Python and the latest trends in technology.
2023-02-27,#ML,232,53,26,This post is about #ML and the latest trends in technology.
2023-02-28,#Python,207,39,19,This post is about #Python and the latest trends in technology.
2023-03-01,#DataScience,198,47,23,This post is about #DataScience and the latest trends in technology.
2023-03-02,#Python,205,38,33,This post is about #Python and the latest trends in technology.
2023-03-03,#CloudComputing,195,47,35,This post is about #CloudComputing and the latest trends in technology.
2023-03-04,#Python,197,40,19,This post is about #Python and the latest trends in technology.
2023-03-05,#TechNews,180,55,44,This post is about #TechNews and the latest trends in technology.
2023-03-06,#CloudComputing,191,37,32,This post is about #CloudComputing and the latest trends in technology.
2023-03-07,#CloudComputing,198,52,17,This post is about #CloudComputing and the latest trends in technology.
2023-03-08,#BigData,198,45,29,This post is about #BigData and the latest trends in technology.
2023-03-09,#BigData,203,54,27,This post is about #BigData and the latest trends in technology.
2023-03-10,#Python,208,61,42,This post is about #Python and the latest trends in technology.
2023-03-11,#Python,205,63,17,This post is about #Python and the latest trends in technology.
2023-03-12,#BigData,195,52,36,This post is about #BigData and the latest trends in technology.
2023-03-13,#CloudComputing,196,58,29,This post is about #CloudComputing and the latest trends in technology.
2023-03-14,#ML,233,44,32,This post is about #ML and the latest trends in technology.
2023-03-15,#Python,180,50,30,This post is about #Python and the latest trends in technology.
2023-03-16,#DataScience,202,60,23,This post is about #DataScience and the latest trends in technology.
2023-03-17,#Python,211,54,23,This post is about #Python and the latest trends in technology.
2023-03-18,#BigData,194,48,39,This post is about #BigData and the latest trends in technology.
2023-03-19,#BigData,200,48,30,This post is about #BigData and the latest trends in technology.
2023-03-20,#CloudComputing,198,50,32,This post is about #CloudComputing and the latest trends in technology.
2023-03-21,#BigData,175,41,23,This post is about #BigData and the latest trends in technology.
2023-03-22,#TechNews,185,61,33,This post is about #TechNews and the latest trends in technology.
2023-03-23,#AI,186,42,24,This post is about #AI and the latest trends in technology.
2023-03-24,#TechNews,181,43,30,This post is about #TechNews and the latest trends in technology.
2023-03-25,#AI,205,36,35,This post is about #AI and the latest trends in technology.
2023-03-26,#AI,185,47,32,This post is about #AI and the latest trends in technology.
2023-03-27,#DataScience,198,31,30,This post is about #DataScience and the latest trends in technology.
2023-03-28,#AI,179,51,26,This post is about #AI and the latest trends in technology.
2023-03-29,#ML,187,52,35,This post is about #ML and the latest trends in technology.
2023-03-30,#TechNews,177,52,29,This post is about #TechNews and the latest trends in technology.
2023-03-31,#AI,191,53,28,This post is about #AI and the latest trends in technology.
2023-04-01,#BigData,204,39,26,This post is about #BigData and the latest trends in technology.
2023-04-02,#TechNews,186,38,22,This post is about #TechNews and the latest trends in technology.
2023-04-03,#CloudComputing,215,42,40,This post is about #CloudComputing and the latest trends in technology.
2023-04-04,#TechNews,203,56,27,This post is about #TechNews and the latest trends in technology.
2023-04-05,#DataScience,200,40,26,This post is about #DataScience and the latest trends in technology.
2023-04-06,#BigData,183,51,27,This post is about #BigData and the latest trends in technology.
2023-04-07,#CloudComputing,192,45,34,This post is about #CloudComputing and the latest trends in technology.
2023-04-08,#TechNews,199,47,23,This post is about #TechNews and the latest trends in technology.
2023-04-09,#BigData,228,51,23,This post is about #BigData and the latest trends in technology.
2023-04-10,#BigData,186,42,33,This post is about #BigData and the latest trends in technology.
2023-04-11,#Python,194,48,29,This post is about #Python and the latest trends in technology.
2023-04-12,#BigData,198,55,28,This post is about #BigData and the latest trends in technology.
2023-04-13,#AI,222,53,23,This post is about #AI and the latest trends in technology.
2023-04-14,#AI,205,60,23,This post is about #AI and the latest trends in technology.
2023-04-15,#CloudComputing,189,47,22,This post is about #CloudComputing and the latest trends in technology.
2023-04-16,#TechNews,181,57,25,This post is about #TechNews and the latest trends in technology.
2023-04-17,#ML,209,54,26,This post is about #ML and the latest trends in technology.
2023-04-18,#DataScience,203,49,23,This post is about #DataScience and the latest trends in technology.
2023-04-19,#BigData,200,63,33,This post is about #BigData and the latest trends in technology.
2023-04-20,#BigData,203,48,40,This post is about #BigData and the latest trends in technology.
2023-04-21,#Python,198,59,31,This post is about #Python and the latest trends in technology.
2023-04-22,#Python,170,57,27,This post is about #Python and the latest trends in technology.
2023-04-23,#BigData,201,47,34,This post is about #BigData and the latest trends in technology.
2023-04-24,#DataScience,188,41,30,This post is about #DataScience and the latest trends in technology.
2023-04-25,#BigData,223,52,23,This post is about #BigData and the latest trends in technology.
2023-04-26,#BigData,200,37,25,This post is about #BigData and the latest trends in technology.
2023-04-27,#ML,187,51,35,This post is about #ML and the latest trends in technology.
2023-04-28,#CloudComputing,201,48,23,This post is about #CloudComputing and the latest trends in technology.
2023-04-29,#Python,195,53,34,This post is about #Python and the latest trends in technology.
2023-04-30,#TechNews,188,57,32,This post is about #TechNews and the latest trends in technology.
2023-05-01,#CloudComputing,178,58,33,This post is about #CloudComputing and the latest trends in technology.
2023-05-02,#ML,191,43,24,This post is about #ML and the latest trends in technology.
2023-05-03,#CloudComputing,197,57,26,This post is about #CloudComputing and the latest trends in technology.
2023-05-04,#CloudComputing,204,53,31,This post is about #CloudComputing and the latest trends in technology.
2023-05-05,#CloudComputing,212,59,38,This post is about #CloudComputing and the latest trends in technology.
2023-05-06,#ML,197,45,32,This post is about #ML and the latest trends in technology.
2023-05-07,#ML,182,42,22,This post is about #ML and the latest trends in technology.
2023-05-08,#BigData,190,53,25,This post is about #BigData and the latest trends in technology.
2023-05-09,#DataScience,182,59,32,This post is about #DataScience and the latest trends in technology.
2023-05-10,#CloudComputing,185,48,30,This post is about #CloudComputing and the latest trends in technology.
2023-05-11,#CloudComputing,184,38,26,This post is about #CloudComputing and the latest trends in technology.
2023-05-12,#Python,191,55,31,This post is about #Python and the latest trends in technology.
2023-05-13,#AI,207,55,31,This post is about #AI and the latest trends in technology.
2023-05-14,#ML,200,46,22,This post is about #ML and the latest trends in technology.
2023-05-15,#CloudComputing,210,54,26,This post is about #CloudComputing and the latest trends in technology.
2023-05-16,#Python,213,45,28,This post is about #Python and the latest trends in technology.
2023-05-17,#ML,224,66,24,This post is about #ML and the latest trends in technology.
2023-05-18,#AI,219,57,33,This post is about #AI and the latest trends in technology.
2023-05-19,#AI,189,65,24,This post is about #AI and the latest trends in technology.
2023-05-20,#ML,224,54,41,This post is about #ML and the latest trends in technology.
2023-05-21,#CloudComputing,218,46,25,This post is about #CloudComputing and the latest trends in technology.
2023-05-22,#AI,175,47,19,This post is about #AI and the latest trends in technology.
2023-05-23,#TechNews,202,46,38,This post is about #TechNews and the latest trends in technology.
2023-05-24,#DataScience,188,59,37,This post is about #DataScience and the latest trends in technology.
2023-05-25,#AI,228,56,30,This post is about #AI and the latest trends in technology.
2023-05-26,#CloudComputing,212,48,25,This post is about #CloudComputing and the latest trends in technology.
2023-05-27,#Python,194,46,16,This post is about #Python and the latest trends in technology.
2023-05-28,#AI,195,56,29,This post is about #AI and the latest trends in technology.
2023-05-29,#DataScience,230,52,41,This post is about #DataScience and the latest trends in technology.
2023-05-30,#Python,204,44,25,This post is about #Python and the latest trends in technology.
2023-05-31,#AI,212,48,33,This post is about #AI and the latest trends in technology.
2023-06-01,#ML,214,44,31,This post is about #ML and the latest trends in technology.
2023-06-02,#Python,177,45,33,This post is about #Python and the latest trends in technology.
2023-06-03,#Python,177,47,34,This post is about #Python and the latest trends in technology.
2023-06-04,#TechNews,176,54,37,This post is about #TechNews and the latest trends in technology.
2023-06-05,#AI,199,58,33,This post is about #AI and the latest trends in technology.
2023-06-06,#TechNews,190,57,33,This post is about #TechNews and the latest trends in technology.
2023-06-07,#DataScience,208,52,24,This post is about #DataScience and the latest trends in technology.
2023-06-08,#Python,219,58,27,This post is about #Python and the latest trends in technology.
2023-06-09,#BigData,184,58,32,This post is about #BigData and the latest trends in technology.
2023-06-10,#Python,205,56,34,This post is about #Python and the latest trends in technology.
2023-06-11,#DataScience,238,54,27,This post is about #DataScience and the latest trends in technology.
2023-06-12,#ML,173,47,34,This post is about #ML and the latest trends in technology.
2023-06-13,#TechNews,211,50,33,This post is about #TechNews and the latest trends in technology.
2023-06-14,#DataScience,197,42,33,This post is about #DataScience and the latest trends in technology.
2023-06-15,#BigData,176,53,42,This post is about #BigData and the latest trends in technology.
2023-06-16,#TechNews,197,48,28,This post is about #TechNews and the latest trends in technology.
2023-06-17,#DataScience,221,43,32,This post is about #DataScience and the latest trends in technology.
2023-06-18,#ML,218,71,37,This post is about #ML and the latest trends in technology.
2023-06-19,#DataScience,212,56,23,This post is about #DataScience and the latest trends in technology.
2023-06-20,#CloudComputing,224,57,22,This post is about #CloudComputing and the latest trends in technology.
2023-06-21,#CloudComputing,208,43,19,This post is about #CloudComputing and the latest trends in technology.
2023-06-22,#ML,190,46,28,This post is about #ML and the latest trends in technology.
2023-06-23,#TechNews,204,54,35,This post is about #TechNews and the latest trends in technology.
2023-06-24,#AI,199,41,32,This post is about #AI and the latest trends in technology.
2023-06-25,#BigData,202,46,21,This post is about #BigData and the latest trends in technology.
2023-06-26,#DataScience,159,48,31,This post is about #DataScience and the latest trends in technology.
2023-06-27,#Python,214,42,32,This post is about #Python and the latest trends in technology.
2023-06-28,#DataScience,169,54,34,This post is about #DataScience and the latest trends in technology.
2023-06-29,#Python,193,38,31,This post is about #Python and the latest trends in technology.
2023-06-30,#AI,198,50,21,This post is about #AI and the latest trends in technology.
2023-07-01,#Python,189,59,24,This post is about #Python and the latest trends in technology.
2023-07-02,#CloudComputing,207,51,25,This post is about #CloudComputing and the latest trends in technology.
2023-07-03,#AI,174,45,37,This post is about #AI and the latest trends in technology.
2023-07-04,#ML,210,47,37,This post is about #ML and the latest trends in technology.
2023-07-05,#DataScience,197,50,38,This post is about #DataScience and the latest trends in technology.
2023-07-06,#Python,190,62,32,This post is about #Python and the latest trends in technology.
2023-07-07,#CloudComputing,210,42,47,This post is about #CloudComputing and the latest trends in technology.
2023-07-08,#CloudComputing,217,44,29,This post is about #CloudComputing and the latest trends in technology.
2023-07-09,#ML,194,42,46,This post is about #ML and the latest trends in technology.
2023-07-10,#Python,206,56,25,This post is about #Python and the latest trends in technology.
2023-07-11,#AI,184,46,29,This post is about #AI and the latest trends in technology.
2023-07-12,#BigData,205,42,33,This post is about #BigData and the latest trends in technology.
2023-07-13,#DataScience,216,52,25,This post is about #DataScience and the latest trends in technology.
2023-07-14,#BigData,190,51,16,This post is about #BigData and the latest trends in technology.
2023-07-15,#ML,198,46,16,This post is about #ML and the latest trends in technology.
2023-07-16,#Python,206,49,30,This post is about #Python and the latest trends in technology.
2023-07-17,#ML,182,46,25,This post is about #ML and the latest trends in technology.
2023-07-18,#Python,244,54,37,This post is about #Python and the latest trends in technology.
2023-07-19,#TechNews,208,65,30,This post is about #TechNews and the latest trends in technology.
2023-07-20,#ML,218,54,25,This post is about #ML and the latest trends in technology.
2023-07-21,#BigData,196,40,37,This post is about #BigData and the latest trends in technology.
2023-07-22,#AI,203,60,27,This post is about #AI and the latest trends in technology.
2023-07-23,#Python,214,57,36,This post is about #Python and the latest trends in technology.
2023-07-24,#DataScience,202,46,28,This post is about #DataScience and the latest trends in technology.
2023-07-25,#CloudComputing,195,44,25,This post is about #CloudComputing and the latest trends in technology.
2023-07-26,#ML,204,52,28,This post is about #ML and the latest trends in technology.
2023-07-27,#BigData,201,47,31,This post is about #BigData and the latest trends in technology.
2023-07-28,#Python,204,57,43,This post is about #Python and the latest trends in technology.
2023-07-29,#Python,186,53,27,This post is about #Python and the latest trends in technology.
2023-07-30,#AI,199,45,35,This post is about #AI and the latest trends in technology.
2023-07-31,#CloudComputing,192,55,29,This post is about #CloudComputing and the latest trends in technology.
2023-08-01,#CloudComputing,185,43,33,This post is about #CloudComputing and the latest trends in technology.
2023-08-02,#CloudComputing,203,69,35,This post is about #CloudComputing and the latest trends in technology.
2023-08-03,#Python,232,44,32,This post is about #Python and the latest trends in technology.
2023-08-04,#BigData,194,56,36,This post is about #BigData and the latest trends in technology.
2023-08-05,#AI,207,53,31,This post is about #AI and the latest trends in technology.
2023-08-06,#CloudComputing,210,44,32,This post is about #CloudComputing and the latest trends in technology.
2023-08-07,#AI,188,52,33,This post is about #AI and the latest trends in technology.
2023-08-08,#DataScience,197,41,34,This post is about #DataScience and the latest trends in technology.
2023-08-09,#TechNews,190,43,25,This post is about #TechNews and the latest trends in technology.
2023-08-10,#AI,174,37,25,This post is about #AI and the latest trends in technology.
2023-08-11,#AI,219,51,27,This post is about #AI and the latest trends in technology.
2023-08-12,#ML,202,49,24,This post is about #ML and the latest trends in technology.
2023-08-13,#BigData,186,39,34,This post is about #BigData and the latest trends in technology.
2023-08-14,#TechNews,207,63,28,This post is about #TechNews and the latest trends in technology.
2023-08-15,#CloudComputing,202,50,21,This post is about #CloudComputing and the latest trends in technology.
2023-08-16,#TechNews,181,56,26,This post is about #TechNews and the latest trends in technology.
2023-08-17,#ML,177,51,28,This post is about #ML and the latest trends in technology.
2023-08-18,#DataScience,204,62,28,This post is about #DataScience and the latest trends in technology.
2023-08-19,#CloudComputing,218,57,21,This post is about #CloudComputing and the latest trends in technology.
2023-08-20,#Python,185,47,32,This post is about #Python and the latest trends in technology.
2023-08-21,#CloudComputing,182,62,32,This post is about #CloudComputing and the latest trends in technology.
2023-08-22,#BigData,185,48,28,This post is about #BigData and the latest trends in technology.
2023-08-23,#DataScience,192,49,32,This post is about #DataScience and the latest trends in technology.
2023-08-24,#AI,205,42,35,This post is about #AI and the latest trends in technology.
2023-08-25,#Python,171,41,27,This post is about #Python and the latest trends in technology.
2023-08-26,#BigData,208,57,27,This post is about #BigData and the latest trends in technology.
2023-08-27,#CloudComputing,201,41,29,This post is about #CloudComputing and the latest trends in technology.
2023-08-28,#AI,194,58,35,This post is about #AI and the latest trends in technology.
2023-08-29,#TechNews,197,56,30,This post is about #TechNews and the latest trends in technology.
2023-08-30,#ML,236,40,29,This post is about #ML and the latest trends in technology.
2023-08-31,#AI,178,41,34,This post is about #AI and the latest trends in technology.
2023-09-01,#Python,195,49,35,This post is about #Python and the latest trends in technology.
2023-09-02,#Python,208,45,29,This post is about #Python and the latest trends in technology.
2023-09-03,#TechNews,207,53,20,This post is about #TechNews and the latest trends in technology.
2023-09-04,#AI,183,50,16,This post is about #AI and the latest trends in technology.
2023-09-05,#DataScience,209,37,43,This post is about #DataScience and the latest trends in technology.
2023-09-06,#BigData,194,47,33,This post is about #BigData and the latest trends in technology.
2023-09-07,#CloudComputing,185,53,26,This post is about #CloudComputing and the latest trends in technology.
2023-09-08,#ML,191,53,25,This post is about #ML and the latest trends in technology.
2023-09-09,#CloudComputing,205,53,35,This post is about #CloudComputing and the latest trends in technology.
2023-09-10,#CloudComputing,203,57,23,This post is about #CloudComputing and the latest trends in technology.
2023-09-11,#DataScience,226,47,29,This post is about #DataScience and the latest trends in technology.
2023-09-12,#BigData,229,40,38,This post is about #BigData and the latest trends in technology.
2023-09-13,#BigData,191,62,34,This post is about #BigData and the latest trends in technology.
2023-09-14,#Python,216,56,24,This post is about #Python and the latest trends in technology.
2023-09-15,#TechNews,165,41,36,This post is about #TechNews and the latest trends in technology.
2023-09-16,#TechNews,200,55,31,This post is about #TechNews and the latest trends in technology.
2023-09-17,#TechNews,191,54,32,This post is about #TechNews and the latest trends in technology.
2023-09-18,#BigData,184,39,35,This post is about #BigData and the latest trends in technology.
2023-09-19,#Python,202,52,28,This post is about #Python and the latest trends in technology.
2023-09-20,#AI,202,56,34,This post is about #AI and the latest trends in technology.
2023-09-21,#Python,235,46,27,This post is about #Python and the latest trends in technology.
2023-09-22,#DataScience,198,60,28,This post is about #DataScience and the latest trends in technology.
2023-09-23,#DataScience,208,52,35,This post is about #DataScience and the latest trends in technology.
2023-09-24,#DataScience,204,53,31,This post is about #DataScience and the latest trends in technology.
2023-09-25,#AI,202,54,26,This post is about #AI and the latest trends in technology.
2023-09-26,#AI,200,35,35,This post is about #AI and the latest trends in technology.
2023-09-27,#BigData,213,49,27,This post is about #BigData and the latest trends in technology.
2023-09-28,#CloudComputing,177,52,32,This post is about #CloudComputing and the latest trends in technology.
2023-09-29,#TechNews,206,40,36,This post is about #TechNews and the latest trends in technology.
2023-09-30,#ML,203,43,27,This post is about #ML and the latest trends in technology.
2023-10-01,#AI,190,46,26,This post is about #AI and the latest trends in technology.
2023-10-02,#TechNews,219,43,29,This post is about #TechNews and the latest trends in technology.
2023-10-03,#ML,182,55,29,This post is about #ML and the latest trends in technology.
2023-10-04,#CloudComputing,212,52,34,This post is about #CloudComputing and the latest trends in technology.
2023-10-05,#TechNews,235,35,26,This post is about #TechNews and the latest trends in technology.
2023-10-06,#Python,222,45,29,This post is about #Python and the latest trends in technology.
2023-10-07,#TechNews,173,30,39,This post is about #TechNews and the latest trends in technology.
2023-10-08,#TechNews,201,47,41,This post is about #TechNews and the latest trends in technology.
2023-10-09,#Python,197,45,25,This post is about #Python and the latest trends in technology.
2023-10-10,#TechNews,198,52,22,This post is about #TechNews and the latest trends in technology.
2023-10-11,#AI,188,58,30,This post is about #AI and the latest trends in technology.
2023-10-12,#CloudComputing,218,37,31,This post is about #CloudComputing and the latest trends in technology.
2023-10-13,#ML,198,58,29,This post is about #ML and the latest trends in technology.
2023-10-14,#ML,206,36,35,This post is about #ML and the latest trends in technology.
2023-10-15,#DataScience,186,42,34,This post is about #DataScience and the latest trends in technology.
2023-10-16,#ML,187,44,29,This post is about #ML and the latest trends in technology.
2023-10-17,#BigData,201,39,36,This post is about #BigData and the latest trends in technology.
2023-10-18,#ML,187,45,31,This post is about #ML and the latest trends in technology.
2023-10-19,#Python,213,62,24,This post is about #Python and the latest trends in technology.
2023-10-20,#DataScience,213,41,32,This post is about #DataScience and the latest trends in technology.
2023-10-21,#Python,198,57,32,This post is about #Python and the latest trends in technology.
2023-10-22,#TechNews,219,42,31,This post is about #TechNews and the latest trends in technology.
2023-10-23,#TechNews,209,38,36,This post is about #TechNews and the latest trends in technology.
2023-10-24,#ML,209,49,29,This post is about #ML and the latest trends in technology.
2023-10-25,#TechNews,200,46,22,This post is about #TechNews and the latest trends in technology.
2023-10-26,#BigData,182,49,32,This post is about #BigData and the latest trends in technology.
2023-10-27,#ML,194,53,33,This post is about #ML and the latest trends in technology.
2023-10-28,#Python,208,44,26,This post is about #Python and the latest trends in technology.
2023-10-29,#BigData,208,46,37,This post is about #BigData and the latest trends in technology.
2023-10-30,#BigData,213,45,33,This post is about #BigData and the latest trends in technology.
2023-10-31,#CloudComputing,180,49,31,This post is about #CloudComputing and the latest trends in technology.
2023-11-01,#BigData,197,45,34,This post is about #BigData and the latest trends in technology.
2023-11-02,#DataScience,210,58,37,This post is about #DataScience and the latest trends in technology.
2023-11-03,#ML,209,39,27,This post is about #ML and the latest trends in technology.
2023-11-04,#Python,191,55,38,This post is about #Python and the latest trends in technology.
2023-11-05,#TechNews,207,60,20,This post is about #TechNews and the latest trends in technology.
2023-11-06,#DataScience,213,59,32,This post is about #DataScience and the latest trends in technology.
2023-11-07,#AI,178,54,37,This post is about #AI and the latest trends in technology.
2023-11-08,#TechNews,201,46,35,This post is about #TechNews and the latest trends in technology.
2023-11-09,#Python,221,52,31,This post is about #Python and the latest trends in technology.
2023-11-10,#Python,188,39,30,This post is about #Python and the latest trends in technology.
2023-11-11,#TechNews,232,55,32,This post is about #TechNews and the latest trends in technology.
2023-11-12,#ML,189,49,23,This post is about #ML and the latest trends in technology.
2023-11-13,#BigData,199,52,25,This post is about #BigData and the latest trends in technology.
2023-11-14,#BigData,187,40,35,This post is about #BigData and the latest trends in technology.
2023-11-15,#CloudComputing,200,63,21,This post is about #CloudComputing and the latest trends in technology.
2023-11-16,#CloudComputing,180,50,30,This post is about #CloudComputing and the latest trends in technology.
2023-11-17,#TechNews,190,48,39,This post is about #TechNews and the latest trends in technology.
2023-11-18,#AI,204,57,32,This post is about #AI and the latest trends in technology.
2023-11-19,#ML,189,52,22,This post is about #ML and the latest trends in technology.
2023-11-20,#CloudComputing,198,40,34,This post is about #CloudComputing and the latest trends in technology.
2023-11-21,#Python,176,64,33,This post is about #Python and the latest trends in technology.
2023-11-22,#AI,204,53,32,This post is about #AI and the latest trends in technology.
2023-11-23,#BigData,210,61,30,This post is about #BigData and the latest trends in technology.
2023-11-24,#TechNews,191,52,22,This post is about #TechNews and the latest trends in technology.
2023-11-25,#TechNews,193,53,33,This post is about #TechNews and the latest trends in technology.
2023-11-26,#DataScience,207,46,29,This post is about #DataScience and the latest trends in technology.
2023-11-27,#CloudComputing,215,62,27,This post is about #CloudComputing and the latest trends in technology.
2023-11-28,#CloudComputing,195,54,28,This post is about #CloudComputing and the latest trends in technology.
2023-11-29,#TechNews,197,60,23,This post is about #TechNews and the latest trends in technology.
2023-11-30,#Python,206,47,28,This post is about #Python and the latest trends in technology.
2023-12-01,#AI,207,47,33,This post is about #AI and the latest trends in technology.
2023-12-02,#Python,199,48,24,This post is about #Python and the latest trends in technology.
2023-12-03,#AI,211,45,27,This post is about #AI and the latest trends in technology.
2023-12-04,#TechNews,204,68,28,This post is about #TechNews and the latest trends in technology.
2023-12-05,#ML,202,51,34,This post is about #ML and the latest trends in technology.
2023-12-06,#ML,198,45,19,This post is about #ML and the latest trends in technology.
2023-12-07,#Python,202,52,29,This post is about #Python and the latest trends in technology.
2023-12-08,#TechNews,199,53,32,This post is about #TechNews and the latest trends in technology.
2023-12-09,#TechNews,196,49,39,This post is about #TechNews and the latest trends in technology.
2023-12-10,#DataScience,201,41,23,This post is about #DataScience and the latest trends in technology.
2023-12-11,#BigData,190,65,30,This post is about #BigData and the latest trends in technology.
2023-12-12,#DataScience,204,45,34,This post is about #DataScience and the latest trends in technology.
2023-12-13,#CloudComputing,200,52,36,This post is about #CloudComputing and the latest trends in technology.
2023-12-14,#ML,203,43,37,This post is about #ML and the latest trends in technology.
2023-12-15,#AI,198,54,33,This post is about #AI and the latest trends in technology.
2023-12-16,#CloudComputing,191,57,33,This post is about #CloudComputing and the latest trends in technology.
2023-12-17,#TechNews,191,55,34,This post is about #TechNews and the latest trends in technology.
2023-12-18,#AI,211,53,36,This post is about #AI and the latest trends in technology.
2023-12-19,#TechNews,177,38,28,This post is about #TechNews and the latest trends in technology.
2023-12-20,#ML,194,50,20,This post is about #ML and the latest trends in technology.
2023-12-21,#ML,213,34,28,This post is about #ML and the latest trends in technology.
2023-12-22,#ML,188,48,27,This post is about #ML and the latest trends in technology.
2023-12-23,#AI,188,47,30,This post is about #AI and the latest trends in technology.
2023-12-24,#AI,203,37,25,This post is about #AI and the latest trends in technology.
2023-12-25,#DataScience,215,51,23,This post is about #DataScience and the latest trends in technology.
2023-12-26,#CloudComputing,190,45,32,This post is about #CloudComputing and the latest trends in technology.
2023-12-27,#Python,211,34,33,This post is about #Python and the latest trends in technology.
2023-12-28,#AI,216,44,27,This post is about #AI and the latest trends in technology.
2023-12-29,#Python,194,58,29,This post is about #Python and the latest trends in technology.
2023-12-30,#TechNews,195,38,30,This post is about #TechNews and the latest trends in technology.
2023-12-31,#TechNews,205,55,42,This post is about #TechNews and the latest trends in technology.
2024-01-01,#DataScience,191,56,17,This post is about #DataScience and the latest trends in technology.
2024-01-02,#AI,235,49,25,This post is about #AI and the latest trends in technology.
2024-01-03,#TechNews,195,56,25,This post is about #TechNews and the latest trends in technology.
2024-01-04,#ML,199,44,32,This post is about #ML and the latest trends in technology.
2024-01-05,#AI,182,55,32,This post is about #AI and the latest trends in technology.
2024-01-06,#TechNews,209,60,28,This post is about #TechNews and the latest trends in technology.
2024-01-07,#CloudComputing,180,45,27,This post is about #CloudComputing and the latest trends in technology.
2024-01-08,#BigData,181,50,30,This post is about #BigData and the latest trends in technology.
2024-01-09,#DataScience,207,56,23,This post is about #DataScience and the latest trends in technology.
2024-01-10,#DataScience,212,40,35,This post is about #DataScience and the latest trends in technology.
2024-01-11,#ML,194,58,38,This post is about #ML and the latest trends in technology.
2024-01-12,#DataScience,212,48,19,This post is about #DataScience and the latest trends in technology.
2024-01-13,#AI,189,55,41,This post is about #AI and the latest trends in technology.
2024-01-14,#ML,238,47,24,This post is about #ML and the latest trends in technology.
2024-01-15,#CloudComputing,205,52,36,This post is about #CloudComputing and the latest trends in technology.
2024-01-16,#BigData,195,45,39,This post is about #BigData and the latest trends in technology.
2024-01-17,#ML,199,54,23,This post is about #ML and the latest trends in technology.
2024-01-18,#DataScience,205,51,30,This post is about #DataScience and the latest trends in technology.
2024-01-19,#AI,175,57,31,This post is about #AI and the latest trends in technology.
2024-01-20,#ML,165,49,37,This post is about #ML and the latest trends in technology.
2024-01-21,#ML,237,51,29,This post is about #ML and the latest trends in technology.
2024-01-22,#DataScience,174,56,30,This post is about #DataScience and the latest trends in technology.
2024-01-23,#CloudComputing,189,53,31,This post is about #CloudComputing and the latest trends in technology.
2024-01-24,#Python,200,63,32,This post is about #Python and the latest trends in technology.
2024-01-25,#TechNews,192,55,29,This post is about #TechNews and the latest trends in technology.
2024-01-26,#AI,199,40,28,This post is about #AI and the latest trends in technology.
2024-01-27,#DataScience,211,48,31,This post is about #DataScience and the latest trends in technology.
2024-01-28,#TechNews,213,51,33,This post is about #TechNews and the latest trends in technology.
2024-01-29,#CloudComputing,179,44,15,This post is about #CloudComputing and the latest trends in technology.
2024-01-30,#BigData,218,66,29,This post is about #BigData and the latest trends in technology.
2024-01-31,#CloudComputing,201,45,38,This post is about #CloudComputing and the latest trends in technology.
2024-02-01,#AI,212,50,31,This post is about #AI and the latest trends in technology.
2024-02-02,#AI,193,43,30,This post is about #AI and the latest trends in technology.
2024-02-03,#ML,214,46,35,This post is about #ML and the latest trends in technology.
2024-02-04,#ML,183,51,29,This post is about #ML and the latest trends in technology.
2024-02-05,#TechNews,181,50,27,This post is about #TechNews and the latest trends in technology.
2024-02-06,#ML,188,44,29,This post is about #ML and the latest trends in technology.
2024-02-07,#CloudComputing,193,57,28,This post is about #CloudComputing and the latest trends in technology.
2024-02-08,#AI,211,52,20,This post is about #AI and the latest trends in technology.
2024-02-09,#TechNews,209,56,42,This post is about #TechNews and the latest trends in technology.
2024-02-10,#AI,190,46,34,This post is about #AI and the latest trends in technology.
2024-02-11,#Python,200,47,36,This post is about #Python and the latest trends in technology.
2024-02-12,#CloudComputing,209,62,26,This post is about #CloudComputing and the latest trends in technology.
2024-02-13,#Python,186,59,34,This post is about #Python and the latest trends in technology.
2024-02-14,#CloudComputing,231,47,35,This post is about #CloudComputing and the latest trends in technology.
2024-02-15,#ML,195,58,29,This post is about #ML and the latest trends in technology.
2024-02-16,#AI,209,34,24,This post is about #AI and the latest trends in technology.
2024-02-17,#Python,202,41,24,This post is about #Python and the latest trends in technology.
2024-02-18,#Python,191,54,26,This post is about #Python and the latest trends in technology.
2024-02-19,#CloudComputing,203,61,33,This post is about #CloudComputing and the latest trends in technology.
2024-02-20,#AI,202,46,32,This post is about #AI and the latest trends in technology.
2024-02-21,#BigData,210,37,26,This post is about #BigData and the latest trends in technology.
2024-02-22,#AI,208,35,41,This post is about #AI and the latest trends in technology.
2024-02-23,#ML,207,43,34,This post is about #ML and the latest trends in technology.
2024-02-24,#Python,190,49,20,This post is about #Python and the latest trends in technology.
2024-02-25,#CloudComputing,180,55,29,This post is about #CloudComputing and the latest trends in technology.
2024-02-26,#CloudComputing,196,43,26,This post is about #CloudComputing and the latest trends in technology.
2024-02-27,#ML,204,46,32,This post is about #ML and the latest trends in technology.
2024-02-28,#TechNews,206,44,33,This post is about #TechNews and the latest trends in technology.
2024-02-29,#DataScience,192,52,42,This post is about #DataScience and the latest trends in technology.
2024-03-01,#BigData,210,43,33,This post is about #BigData and the latest trends in technology.
2024-03-02,#DataScience,196,52,29,This post is about #DataScience and the latest trends in technology.
2024-03-03,#DataScience,196,43,50,This post is about #DataScience and the latest trends in technology.
2024-03-04,#DataScience,177,62,26,This post is about #DataScience and the latest trends in technology.
2024-03-05,#DataScience,210,52,32,This post is about #DataScience and the latest trends in technology.
2024-03-06,#CloudComputing,209,43,34,This post is about #CloudComputing and the latest trends in technology.
2024-03-07,#DataScience,189,45,19,This post is about #DataScience and the latest trends in technology.
2024-03-08,#TechNews,210,54,42,This post is about #TechNews and the latest trends in technology.
2024-03-09,#CloudComputing,214,63,25,This post is about #CloudComputing and the latest trends in technology.
2024-03-10,#DataScience,210,50,28,This post is about #DataScience and the latest trends in technology.
2024-03-11,#Python,203,45,38,This post is about #Python and the latest trends in technology.
2024-03-12,#DataScience,213,53,33,This post is about #DataScience and the latest trends in technology.
2024-03-13,#TechNews,198,64,36,This post is about #TechNews and the latest trends in technology.
2024-03-14,#Python,198,46,18,This post is about #Python and the latest trends in technology.
2024-03-15,#AI,226,56,33,This post is about #AI and the latest trends in technology.
2024-03-16,#ML,184,37,36,This post is about #ML and the latest trends in technology.
2024-03-17,#CloudComputing,180,46,30,This post is about #CloudComputing and the latest trends in technology.
2024-03-18,#TechNews,194,46,43,This post is about #TechNews and the latest trends in technology.
2024-03-19,#ML,194,64,22,This post is about #ML and the latest trends in technology.
2024-03-20,#Python,202,43,33,This post is about #Python and the latest trends in technology.
2024-03-21,#CloudComputing,217,49,24,This post is about #CloudComputing and the latest trends in technology.
2024-03-22,#CloudComputing,185,44,24,This post is about #CloudComputing and the latest trends in technology.
2024-03-23,#AI,209,50,21,This post is about #AI and the latest trends in technology.
2024-03-24,#BigData,184,44,22,This post is about #BigData and the latest trends in technology.
2024-03-25,#AI,201,44,28,This post is about #AI and the latest trends in technology.
2024-03-26,#DataScience,205,48,31,This post is about #DataScience and the latest trends in technology.
2024-03-27,#ML,209,50,37,This post is about #ML and the latest trends in technology.
2024-03-28,#ML,201,52,27,This post is about #ML and the latest trends in technology.
2024-03-29,#DataScience,208,48,25,This post is about #DataScience and the latest trends in technology.
2024-03-30,#BigData,197,57,30,This post is about #BigData and the latest trends in technology.
2024-03-31,#CloudComputing,205,44,34,This post is about #CloudComputing and the latest trends in technology.
2024-04-01,#Python,216,58,27,This post is about #Python and the latest trends in technology.
2024-04-02,#TechNews,198,49,28,This post is about #TechNews and the latest trends in technology.
2024-04-03,#Python,222,37,28,This post is about #Python and the latest trends in technology.
2024-04-04,#DataScience,242,53,28,This post is about #DataScience and the latest trends in technology.
2024-04-05,#ML,202,44,28,This post is about #ML and the latest trends in technology.
2024-04-06,#TechNews,195,55,33,This post is about #TechNews and the latest trends in technology.
2024-04-07,#CloudComputing,187,50,35,This post is about #CloudComputing and the latest trends in technology.
2024-04-08,#Python,202,56,35,This post is about #Python and the latest trends in technology.
2024-04-09,#ML,214,41,32,This post is about #ML and the latest trends in technology.
2024-04-10,#CloudComputing,184,60,39,This post is about #CloudComputing and the latest trends in technology.
2024-04-11,#TechNews,204,60,32,This post is about #TechNews and the latest trends in technology.
2024-04-12,#CloudComputing,199,45,27,This post is about #CloudComputing and the latest trends in technology.
2024-04-13,#DataScience,187,61,24,This post is about #DataScience and the latest trends in technology.
2024-04-14,#AI,208,57,35,This post is about #AI and the latest trends in technology.
2024-04-15,#TechNews,208,64,27,This post is about #TechNews and the latest trends in technology.
2024-04-16,#Python,186,44,26,This post is about #Python and the latest trends in technology.
2024-04-17,#Python,214,56,21,This post is about #Python and the latest trends in technology.
2024-04-18,#BigData,194,44,27,This post is about #BigData and the latest trends in technology.
2024-04-19,#BigData,220,44,20,This post is about #BigData and the latest trends in technology.
2024-04-20,#CloudComputing,211,44,28,This post is about #CloudComputing and the latest trends in technology.
2024-04-21,#TechNews,213,46,25,This post is about #TechNews and the latest trends in technology.
2024-04-22,#DataScience,212,56,36,This post is about #DataScience and the latest trends in technology.
2024-04-23,#DataScience,203,59,34,This post is about #DataScience and the latest trends in technology.
2024-04-24,#DataScience,209,44,27,This post is about #DataScience and the latest trends in technology.
2024-04-25,#DataScience,214,52,29,This post is about #DataScience and the latest trends in technology.
2024-04-26,#ML,207,64,30,This post is about #ML and the latest trends in technology.
2024-04-27,#Python,208,45,32,This post is about #Python and the latest trends in technology.
2024-04-28,#AI,185,49,36,This post is about #AI and the latest trends in technology.
2024-04-29,#BigData,204,58,44,This post is about #BigData and the latest trends in technology.
2024-04-30,#ML,199,42,31,This post is about #ML and the latest trends in technology.
2024-05-01,#BigData,194,38,33,This post is about #BigData and the latest trends in technology.
2024-05-02,#Python,186,45,38,This post is about #Python and the latest trends in technology.
2024-05-03,#AI,217,46,21,This post is about #AI and the latest trends in technology.
2024-05-04,#DataScience,174,44,26,This post is about #DataScience and the latest trends in technology.
2024-05-05,#TechNews,184,45,27,This post is about #TechNews and the latest trends in technology.
2024-05-06,#AI,188,45,33,This post is about #AI and the latest trends in technology.
2024-05-07,#BigData,187,41,37,This post is about #BigData and the latest trends in technology.
2024-05-08,#ML,176,46,35,This post is about #ML and the latest trends in technology.
2024-05-09,#ML,203,41,26,This post is about #ML and the latest trends in technology.
2024-05-10,#AI,176,46,19,This post is about #AI and the latest trends in technology.
2024-05-11,#ML,198,51,27,This post is about #ML and the latest trends in technology.
2024-05-12,#DataScience,220,43,34,This post is about #DataScience and the latest trends in technology.
2024-05-13,#ML,199,47,28,This post is about #ML and the latest trends in technology.
2024-05-14,#BigData,198,40,42,This post is about #BigData and the latest trends in technology.
2024-05-15,#TechNews,203,50,25,This post is about #TechNews and the latest trends in technology.
2024-05-16,#AI,195,41,24,This post is about #AI and the latest trends in technology.
2024-05-17,#Python,187,58,31,This post is about #Python and the latest trends in technology.
2024-05-18,#CloudComputing,195,47,31,This post is about #CloudComputing and the latest trends in technology.
2024-05-19,#ML,213,54,25,This post is about #ML and the latest trends in technology.
2024-05-20,#ML,189,57,34,This post is about #ML and the latest trends in technology.
2024-05-21,#CloudComputing,198,39,39,This post is about #CloudComputing and the latest trends in technology.
2024-05-22,#AI,191,49,34,This post is about #AI and the latest trends in technology.
2024-05-23,#TechNews,199,56,36,This post is about #TechNews and the latest trends in technology.
2024-05-24,#ML,193,52,30,This post is about #ML and the latest trends in technology.
2024-05-25,#AI,168,51,36,This post is about #AI and the latest trends in technology.
2024-05-26,#ML,188,55,32,This post is about #ML and the latest trends in technology.
2024-05-27,#DataScience,185,57,34,This post is about #DataScience and the latest trends in technology.
2024-05-28,#CloudComputing,212,54,40,This post is about #CloudComputing and the latest trends in technology.
2024-05-29,#Python,173,58,35,This post is about #Python and the latest trends in technology.
2024-05-30,#DataScience,193,63,32,This post is about #DataScience and the latest trends in technology.
2024-05-31,#BigData,192,55,33,This post is about #BigData and the latest trends in technology.
2024-06-01,#BigData,193,49,27,This post is about #BigData and the latest trends in technology.
2024-06-02,#CloudComputing,227,47,19,This post is about #CloudComputing and the latest trends in technology.
2024-06-03,#ML,184,49,26,This post is about #ML and the latest trends in technology.
2024-06-04,#DataScience,207,56,34,This post is about #DataScience and the latest trends in technology.
2024-06-05,#ML,207,48,27,This post is about #ML and the latest trends in technology.
2024-06-06,#ML,190,43,29,This post is about #ML and the latest trends in technology.
2024-06-07,#CloudComputing,181,51,30,This post is about #CloudComputing and the latest trends in technology.
2024-06-08,#ML,204,42,31,This post is about #ML and the latest trends in technology.
2024-06-09,#ML,193,53,36,This post is about #ML and the latest trends in technology.
2024-06-10,#TechNews,206,48,35,This post is about #TechNews and the latest trends in technology.
2024-06-11,#BigData,203,43,31,This post is about #BigData and the latest trends in technology.
2024-06-12,#BigData,201,42,29,This post is about #BigData and the latest trends in technology.
2024-06-13,#TechNews,168,54,25,This post is about #TechNews and the latest trends in technology.
2024-06-14,#Python,189,47,36,This post is about #Python and the latest trends in technology.
2024-06-15,#Python,194,57,25,This post is about #Python and the latest trends in technology.
2024-06-16,#ML,199,58,28,This post is about #ML and the latest trends in technology.
2024-06-17,#ML,215,49,40,This post is about #ML and the latest trends in technology.
2024-06-18,#BigData,227,51,30,This post is about #BigData and the latest trends in technology.
2024-06-19,#TechNews,184,55,29,This post is about #TechNews and the latest trends in technology.
2024-06-20,#Python,205,53,28,This post is about #Python and the latest trends in technology.
2024-06-21,#DataScience,196,57,28,This post is about #DataScience and the latest trends in technology.
2024-06-22,#Python,179,48,33,This post is about #Python and the latest trends in technology.
2024-06-23,#BigData,196,42,24,This post is about #BigData and the latest trends in technology.
2024-06-24,#CloudComputing,202,50,43,This post is about #CloudComputing and the latest trends in technology.
2024-06-25,#TechNews,224,53,34,This post is about #TechNews and the latest trends in technology.
2024-06-26,#BigData,207,55,31,This post is about #BigData and the latest trends in technology.
2024-06-27,#BigData,197,62,36,This post is about #BigData and the latest trends in technology.
2024-06-28,#DataScience,200,51,16,This post is about #DataScience and the latest trends in technology.
2024-06-29,#DataScience,240,55,33,This post is about #DataScience and the latest trends in technology.
2024-06-30,#BigData,231,56,32,This post is about #BigData and the latest trends in technology.
2024-07-01,#TechNews,208,64,32,This post is about #TechNews and the latest trends in technology.
2024-07-02,#Python,192,48,24,This post is about #Python and the latest trends in technology.
2024-07-03,#ML,211,38,22,This post is about #ML and the latest trends in technology.
2024-07-04,#CloudComputing,207,42,49,This post is about #CloudComputing and the latest trends in technology.
2024-07-05,#CloudComputing,188,63,18,This post is about #CloudComputing and the latest trends in technology.
2024-07-06,#BigData,203,46,31,This post is about #BigData and the latest trends in technology.
2024-07-07,#CloudComputing,190,45,28,This post is about #CloudComputing and the latest trends in technology.
2024-07-08,#ML,168,44,21,This post is about #ML and the latest trends in technology.
2024-07-09,#CloudComputing,193,38,34,This post is about #CloudComputing and the latest trends in technology.
2024-07-10,#AI,200,46,30,This post is about #AI and the latest trends in technology.
2024-07-11,#TechNews,203,56,23,This post is about #TechNews and the latest trends in technology.
2024-07-12,#Python,194,54,33,This post is about #Python and the latest trends in technology.
2024-07-13,#TechNews,206,46,28,This post is about #TechNews and the latest trends in technology.
2024-07-14,#Python,207,54,28,This post is about #Python and the latest trends in technology.
2024-07-15,#DataScience,210,54,33,This post is about #DataScience and the latest trends in technology.
2024-07-16,#ML,218,49,28,This post is about #ML and the latest trends in technology.
2024-07-17,#DataScience,193,58,40,This post is about #DataScience and the latest trends in technology.
2024-07-18,#ML,215,56,36,This post is about #ML and the latest trends in technology.
2024-07-19,#TechNews,191,56,37,This post is about #TechNews and the latest trends in technology.
2024-07-20,#CloudComputing,207,46,31,This post is about #CloudComputing and the latest trends in technology.
2024-07-21,#Python,208,48,35,This post is about #Python and the latest trends in technology.
2024-07-22,#TechNews,208,53,25,This post is about #TechNews and the latest trends in technology.
2024-07-23,#Python,182,58,34,This post is about #Python and the latest trends in technology.
2024-07-24,#DataScience,199,46,26,This post is about #DataScience and the latest trends in technology.
2024-07-25,#AI,205,51,26,This post is about #AI and the latest trends in technology.
2024-07-26,#AI,240,60,31,This post is about #AI and the latest trends in technology.
2024-07-27,#DataScience,174,52,39,This post is about #DataScience and the latest trends in technology.
2024-07-28,#ML,183,45,35,This post is about #ML and the latest trends in technology.
2024-07-29,#BigData,207,46,26,This post is about #BigData and the latest trends in technology.
2024-07-30,#AI,207,52,34,This post is about #AI and the latest trends in technology.
2024-07-31,#TechNews,207,47,39,This post is about #TechNews and the latest trends in technology.
2024-08-01,#TechNews,179,55,22,This post is about #TechNews and the latest trends in technology.
2024-08-02,#AI,209,45,31,This post is about #AI and the latest trends in technology.
2024-08-03,#Python,235,50,31,This post is about #Python and the latest trends in technology.
2024-08-04,#CloudComputing,204,44,27,This post is about #CloudComputing and the latest trends in technology.
2024-08-05,#Python,198,52,27,This post is about #Python and the latest trends in technology.
2024-08-06,#ML,196,54,23,This post is about #ML and the latest trends in technology.
2024-08-07,#CloudComputing,181,54,30,This post is about #CloudComputing and the latest trends in technology.
2024-08-08,#AI,205,49,37,This post is about #AI and the latest trends in technology.
2024-08-09,#DataScience,179,52,21,This post is about #DataScience and the latest trends in technology.
2024-08-10,#Python,179,51,32,This post is about #Python and the latest trends in technology.
2024-08-11,#DataScience,208,46,38,This post is about #DataScience and the latest trends in technology.
2024-08-12,#DataScience,203,47,29,This post is about #DataScience and the latest trends in technology.
2024-08-13,#DataScience,208,47,19,This post is about #DataScience and the latest trends in technology.
2024-08-14,#TechNews,209,54,34,This post is about #TechNews and the latest trends in technology.
2024-08-15,#AI,196,44,28,This post is about #AI and the latest trends in technology.
2024-08-16,#BigData,193,42,28,This post is about #BigData and the latest trends in technology.
2024-08-17,#ML,180,48,33,This post is about #ML and the latest trends in technology.
2024-08-18,#ML,206,41,32,This post is about #ML and the latest trends in technology.
2024-08-19,#CloudComputing,196,41,24,This post is about #CloudComputing and the latest trends in technology.
2024-08-20,#Python,187,51,37,This post is about #Python and the latest trends in technology.
2024-08-21,#TechNews,193,51,31,This post is about #TechNews and the latest trends in technology.
2024-08-22,#DataScience,196,41,29,This post is about #DataScience and the latest trends in technology.
2024-08-23,#DataScience,176,56,36,This post is about #DataScience and the latest trends in technology.
2024-08-24,#Python,199,72,34,This post is about #Python and the latest trends in technology.
2024-08-25,#Python,196,52,33,This post is about #Python and the latest trends in technology.
2024-08-26,#ML,177,45,29,This post is about #ML and the latest trends in technology.
2024-08-27,#Python,195,52,28,This post is about #Python and the latest trends in technology.
2024-08-28,#DataScience,198,57,31,This post is about #DataScience and the latest trends in technology.
2024-08-29,#AI,213,58,35,This post is about #AI and the latest trends in technology.
2024-08-30,#ML,196,51,25,This post is about #ML and the latest trends in technology.
2024-08-31,#BigData,203,36,35,This post is about #BigData and the latest trends in technology.
2024-09-01,#AI,188,38,24,This post is about #AI and the latest trends in technology.
2024-09-02,#DataScience,186,34,30,This post is about #DataScience and the latest trends in technology.
2024-09-03,#BigData,195,41,19,This post is about #BigData and the latest trends in technology.
2024-09-04,#AI,203,60,44,This post is about #AI and the latest trends in technology.
2024-09-05,#DataScience,178,43,32,This post is about #DataScience and the latest trends in technology.
2024-09-06,#BigData,230,46,24,This post is about #BigData and the latest trends in technology.
2024-09-07,#TechNews,181,44,42,This post is about #TechNews and the latest trends in technology.
2024-09-08,#DataScience,195,37,33,This post is about #DataScience and the latest trends in technology.
2024-09-09,#AI,196,48,27,This post is about #AI and the latest trends in technology.
2024-09-10,#ML,204,46,25,This post is about #ML and the latest trends in technology.
2024-09-11,#DataScience,185,54,30,This post is about #DataScience and the latest trends in technology.
2024-09-12,#AI,174,47,37,This post is about #AI and the latest trends in technology.
2024-09-13,#CloudComputing,188,48,24,This post is about #CloudComputing and the latest trends in technology.
2024-09-14,#AI,193,48,37,This post is about #AI and the latest trends in technology.
2024-09-15,#AI,208,48,28,This post is about #AI and the latest trends in technology.
2024-09-16,#ML,207,41,25,This post is about #ML and the latest trends in technology.
2024-09-17,#DataScience,207,48,31,This post is about #DataScience and the latest trends in technology.
2024-09-18,#DataScience,184,51,25,This post is about #DataScience and the latest trends in technology.
2024-09-19,#BigData,212,45,31,This post is about #BigData and the latest trends in technology.
2024-09-20,#TechNews,210,50,26,This post is about #TechNews and the latest trends in technology.
2024-09-21,#BigData,204,45,30,This post is about #BigData and the latest trends in technology.
2024-09-22,#DataScience,210,42,21,This post is about #DataScience and the latest trends in technology.
2024-09-23,#ML,202,50,24,This post is about #ML and the latest trends in technology.
2024-09-24,#AI,218,60,36,This post is about #AI and the latest trends in technology.
2024-09-25,#Python,203,45,26,This post is about #Python and the latest trends in technology.
2024-09-26,#CloudComputing,202,48,21,This post is about #CloudComputing and the latest trends in technology.
2024-09-27,#BigData,185,43,28,This post is about #BigData and the latest trends in technology.
2024-09-28,#TechNews,207,63,29,This post is about #TechNews and the latest trends in technology.
2024-09-29,#DataScience,207,55,37,This post is about #DataScience and the latest trends in technology.
2024-09-30,#TechNews,188,45,23,This post is about #TechNews and the latest trends in technology.
2024-10-01,#CloudComputing,200,44,34,This post is about #CloudComputing and the latest trends in technology.
2024-10-02,#CloudComputing,196,64,35,This post is about #CloudComputing and the latest trends in technology.
2024-10-03,#Python,196,54,31,This post is about #Python and the latest trends in technology.
2024-10-04,#Python,200,48,34,This post is about #Python and the latest trends in technology.
2024-10-05,#BigData,196,43,39,This post is about #BigData and the latest trends in technology.
2024-10-06,#AI,216,67,27,This post is about #AI and the latest trends in technology.
2024-10-07,#ML,199,44,27,This post is about #ML and the latest trends in technology.
2024-10-08,#DataScience,217,41,42,This post is about #DataScience and the latest trends in technology.
2024-10-09,#DataScience,193,53,22,This post is about #DataScience and the latest trends in technology.
2024-10-10,#ML,193,55,42,This post is about #ML and the latest trends in technology.
2024-10-11,#CloudComputing,217,54,33,This post is about #CloudComputing and the latest trends in technology.
2024-10-12,#TechNews,219,35,30,This post is about #TechNews and the latest trends in technology.
2024-10-13,#TechNews,195,58,24,This post is about #TechNews and the latest trends in technology.
2024-10-14,#AI,200,49,36,This post is about #AI and the latest trends in technology.
2024-10-15,#BigData,179,54,28,This post is about #BigData and the latest trends in technology.
2024-10-16,#Python,210,48,33,This post is about #Python and the latest trends in technology.
2024-10-17,#TechNews,190,64,35,This post is about #TechNews and the latest trends in technology.
2024-10-18,#TechNews,182,47,27,This post is about #TechNews and the latest trends in technology.
2024-10-19,#CloudComputing,198,50,26,This post is about #CloudComputing and the latest trends in technology.
2024-10-20,#DataScience,207,48,35,This post is about #DataScience and the latest trends in technology.
2024-10-21,#Python,215,48,26,This post is about #Python and the latest trends in technology.
2024-10-22,#BigData,200,49,27,This post is about #BigData and the latest trends in technology.
2024-10-23,#Python,187,44,39,This post is about #Python and the latest trends in technology.
2024-10-24,#Python,210,40,29,This post is about #Python and the latest trends in technology.
2024-10-25,#BigData,200,47,34,This post is about #BigData and the latest trends in technology.
2024-10-26,#Python,188,43,28,This post is about #Python and the latest trends in technology.
2024-10-27,#DataScience,193,54,34,This post is about #DataScience and the latest trends in technology.
2024-10-28,#CloudComputing,217,54,25,This post is about #CloudComputing and the latest trends in technology.
2024-10-29,#CloudComputing,193,44,20,This post is about #CloudComputing and the latest trends in technology.
2024-10-30,#AI,202,48,30,This post is about #AI and the latest trends in technology.
2024-10-31,#AI,171,46,24,This post is about #AI and the latest trends in technology.
2024-11-01,#TechNews,181,40,39,This post is about #TechNews and the latest trends in technology.
2024-11-02,#CloudComputing,215,38,26,This post is about #CloudComputing and the latest trends in technology.
2024-11-03,#AI,184,61,38,This post is about #AI and the latest trends in technology.
2024-11-04,#TechNews,191,47,31,This post is about #TechNews and the latest trends in technology.
2024-11-05,#BigData,208,46,35,This post is about #BigData and the latest trends in technology.
2024-11-06,#ML,206,51,28,This post is about #ML and the latest trends in technology.
2024-11-07,#ML,163,47,24,This post is about #ML and the latest trends in technology.
2024-11-08,#CloudComputing,231,56,35,This post is about #CloudComputing and the latest trends in technology.
2024-11-09,#Python,205,53,20,This post is about #Python and the latest trends in technology.
2024-11-10,#AI,192,47,32,This post is about #AI and the latest trends in technology.
2024-11-11,#Python,195,43,27,This post is about #Python and the latest trends in technology.
2024-11-12,#CloudComputing,204,47,25,This post is about #CloudComputing and the latest trends in technology.
2024-11-13,#DataScience,214,40,27,This post is about #DataScience and the latest trends in technology.
2024-11-14,#TechNews,192,52,28,This post is about #TechNews and the latest trends in technology.
2024-11-15,#TechNews,183,40,40,This post is about #TechNews and the latest trends in technology.
2024-11-16,#DataScience,240,55,38,This post is about #DataScience and the latest trends in technology.
2024-11-17,#Python,201,46,34,This post is about #Python and the latest trends in technology.
2024-11-18,#ML,204,34,29,This post is about #ML and the latest trends in technology.
2024-11-19,#Python,197,68,30,This post is about #Python and the latest trends in technology.
2024-11-20,#TechNews,223,56,27,This post is about #TechNews and the latest trends in technology.
2024-11-21,#TechNews,217,53,35,This post is about #TechNews and the latest trends in technology.
2024-11-22,#TechNews,196,48,29,This post is about #TechNews and the latest trends in technology.
2024-11-23,#TechNews,194,43,31,This post is about #TechNews and the latest trends in technology.
2024-11-24,#AI,191,50,43,This post is about #AI and the latest trends in technology.
2024-11-25,#DataScience,199,50,26,This post is about #DataScience and the latest trends in technology.
2024-11-26,#AI,181,53,31,This post is about #AI and the latest trends in technology.
2024-11-27,#AI,210,55,27,This post is about #AI and the latest trends in technology.
2024-11-28,#DataScience,181,57,28,This post is about #DataScience and the latest trends in technology.
2024-11-29,#Python,217,59,24,This post is about #Python and the latest trends in technology.
2024-11-30,#BigData,184,51,24,This post is about #BigData and the latest trends in technology.
2024-12-01,#DataScience,164,51,33,This post is about #DataScience and the latest trends in technology.
2024-12-02,#DataScience,233,63,26,This post is about #DataScience and the latest trends in technology.
2024-12-03,#Python,210,46,31,This post is about #Python and the latest trends in technology.
2024-12-04,#BigData,184,56,24,This post is about #BigData and the latest trends in technology.
2024-12-05,#CloudComputing,205,50,27,This post is about #CloudComputing and the latest trends in technology.
2024-12-06,#AI,186,43,29,This post is about #AI and the latest trends in technology.
2024-12-07,#Python,197,51,40,This post is about #Python and the latest trends in technology.
2024-12-08,#TechNews,200,55,30,This post is about #TechNews and the latest trends in technology.
2024-12-09,#DataScience,224,51,30,This post is about #DataScience and the latest trends in technology.
2024-12-10,#CloudComputing,205,50,20,This post is about #CloudComputing and the latest trends in technology.
2024-12-11,#TechNews,216,43,35,This post is about #TechNews and the latest trends in technology.
2024-12-12,#AI,203,31,36,This post is about #AI and the latest trends in technology.
2024-12-13,#DataScience,166,58,29,This post is about #DataScience and the latest trends in technology.
2024-12-14,#TechNews,198,51,27,This post is about #TechNews and the latest trends in technology.
2024-12-15,#CloudComputing,194,52,26,This post is about #CloudComputing and the latest trends in technology.
2024-12-16,#ML,198,56,27,This post is about #ML and the latest trends in technology.
2024-12-17,#DataScience,170,62,31,This post is about #DataScience and the latest trends in technology.
2024-12-18,#CloudComputing,193,51,22,This post is about #CloudComputing and the latest trends in technology.
2024-12-19,#TechNews,239,52,31,This post is about #TechNews and the latest trends in technology.
2024-12-20,#TechNews,203,48,32,This post is about #TechNews and the latest trends in technology.
2024-12-21,#AI,205,46,39,This post is about #AI and the latest trends in technology.
2024-12-22,#AI,207,43,30,This post is about #AI and the latest trends in technology.
2024-12-23,#AI,205,46,25,This post is about #AI and the latest trends in technology.
2024-12-24,#ML,187,48,29,This post is about #ML and the latest trends in technology.
2024-12-25,#DataScience,220,51,28,This post is about #DataScience and the latest trends in technology.
2024-12-26,#CloudComputing,207,64,27,This post is about #CloudComputing and the latest trends in technology.
2024-12-27,#AI,187,55,28,This post is about #AI and the latest trends in technology.
2024-12-28,#AI,206,57,37,This post is about #AI and the latest trends in technology.
2024-12-29,#BigData,231,46,28,This post is about #BigData and the latest trends in technology.
2024-12-30,#Python,198,44,27,This post is about #Python and the latest trends in technology.
2024-12-31,#Python,184,48,31,This post is about #Python and the latest trends in technology.
